<?xml version="1.0" encoding="UTF-8" ?>
<!DOCTYPE mapper
  PUBLIC "-//mybatis.org//DTD Mapper 3.0//EN"
  "https://mybatis.org/dtd/mybatis-3-mapper.dtd">
  
<mapper namespace="co.yedam.mapper.ReplyMapper">

  <select id="replyListNoPage"  resultType="co.yedam.vo.ReplyVO" 
          parameterType="co.yedam.common.SearchVO">
    select r.*
    from tbl_reply r
    where board_no = #{bno}
    order by reply_no
  </select>

  <select id="replyList" resultType="co.yedam.vo.ReplyVO" 
          parameterType="co.yedam.common.SearchVO">
    select *
    from (select rownum rn, r.*
          from tbl_reply r
          where board_no = #{bno}
          order by reply_no desc ) a
    <![CDATA[
    where rn <= (#{rpage} * 5)
    ]]>
    and   rn > (#{rpage} - 1) * 5
  </select>
  
  <delete id="deleteReply" parameterType="int">
    delete from tbl_reply
    where reply_no = #{rno}
  </delete>
  
  <select id="selectReplyCount" parameterType="int"
    resultType="int">
    select count(1)
    from tbl_reply
    where board_no = #{bno}
  </select>
  
  <insert id="insertReply" parameterType="co.yedam.vo.ReplyVO">
    <selectKey resultType="int" keyProperty="replyNo" order="BEFORE">
      select reply_seq.nextval from dual
    </selectKey>
    insert into tbl_reply(reply_no, board_no, reply, replyer)
    values(#{replyNo}, #{boardNo}, #{reply}, #{replyer})
  </insert>
  
  <select id="selectCntByMember" resultType="map">
    select m.member_nm as "user_name", count(1) as "cnt"
    from tbl_board b
    join tbl_member m
    on b.writer = m.member_id
    group by m.member_nm
  </select>

</mapper>