<?xml version="1.0" encoding="UTF-8"?>
<web-app xmlns:xsi="http://www.w3.org/2001/XMLSchema-instance"
	xmlns="http://xmlns.jcp.org/xml/ns/javaee"
	xsi:schemaLocation="http://xmlns.jcp.org/xml/ns/javaee http://xmlns.jcp.org/xml/ns/javaee/web-app_4_0.xsd"
	id="WebApp_ID" version="4.0">

	<display-name>board</display-name>

	<listener>
		<listener-class>org.apache.tiles.extras.complete.CompleteAutoloadTilesListener</listener-class>
	</listener>
	<!-- -->
	<filter>
		<filter-name>CorsFilter</filter-name>
		<filter-class>org.apache.catalina.filters.CorsFilter</filter-class>
		<init-param>
			<param-name>cors.allowed.origins</param-name>
			<param-value>*</param-value>
		</init-param>
		<init-param>
			<param-name>cors.allowed.methods</param-name>
			<param-value>GET,POST,HEAD,OPTIONS,PUT</param-value>
		</init-param>
		<init-param>
			<param-name>cors.allowed.headers</param-name>
			<param-value>Content-Type,X-Requested-With,accept,Origin,Access-Control-Request-Method,Access-Control-Request-Headers</param-value>
		</init-param>
		<init-param>
			<param-name>cors.exposed.headers</param-name>
			<param-value>Access-Control-Allow-Origin,Access-Control-Allow-Credentials</param-value>
		</init-param>
		<init-param>
			<param-name>cors.support.credentials</param-name>
			<param-value>false</param-value>
		</init-param>
		<init-param>
			<param-name>cors.preflight.maxage</param-name>
			<param-value>10</param-value>
		</init-param>
	</filter>
	<filter-mapping>
		<filter-name>CorsFilter</filter-name>
		<url-pattern>/*</url-pattern>
	</filter-mapping>
	<servlet>
		<servlet-name>first</servlet-name>
		<servlet-class>co.yedam.FirstServlet</servlet-class>
	</servlet>
	<servlet-mapping>
		<servlet-name>first</servlet-name>
		<url-pattern>/first.action</url-pattern>
	</servlet-mapping>

	<!-- frontcontrol -->
	<servlet>
		<servlet-name>front</servlet-name>
		<servlet-class>co.yedam.common.FrontControl</servlet-class>
	</servlet>
	<servlet-mapping>
		<servlet-name>front</servlet-name>
		<url-pattern>*.do</url-pattern>
	</servlet-mapping>

	<!-- tiles setting -->
	<servlet>
		<servlet-name>Tiles Dispatch Servlet</servlet-name>
		<servlet-class>org.apache.tiles.web.util.TilesDispatchServlet</servlet-class>
	</servlet>
	<servlet-mapping>
		<servlet-name>Tiles Dispatch Servlet</servlet-name>
		<url-pattern>*.tiles</url-pattern>
	</servlet-mapping>

	<welcome-file-list>
		<welcome-file>index.jsp</welcome-file>
	</welcome-file-list>

</web-app>