<?xml version="1.0" encoding="UTF-8"?>
<!DOCTYPE mapper
  PUBLIC "-//mybatis.org//DTD Mapper 3.0//EN"
  "https://mybatis.org/dtd/mybatis-3-mapper.dtd">

<mapper namespace="co.yedam.mapper.MemberMapper">
	<select id="memberList" parameterType="co.yedam.vo.MemberVO">
		select *
		from member
	</select>
	
	<select id="login" parameterType="co.yedam.vo.MemberVO" resultType="co.yedam.vo.MemberVO">
		select *
		from member
		where member_id = #{memberId} and member_pw = #{memberPw}
	</select>
	
	<select id="loginCheck" parameterType="co.yedam.vo.MemberVO" resultType="co.yedam.vo.MemberVO">
		select *
		from member
		where member_authority = #{memberAuthority}
	</select>
	
	<insert id="addMember" parameterType="co.yedam.vo.MemberVO">
		insert into (member_no, member_id, member_name, member_pw, email, phone)
		values (member_seq.nextval, #{memberId}, #{memberName}, #{memberPw}, #{email}, #{phone})
	</insert>
	
	<delete id="quitMember" parameterType="co.yedam.vo.MemberVO">
	delete from member
	where member_id = #{memberId} and member_pw = #{memberPw}
	</delete>
	
	<delete id="delMember" parameterType="int">
		delete from member
		where member_no = #{memberNo}
	</delete>
	
	<select id="findIdCheck" parameterType="string">
		select member_id
		from member
		where email = #{email}
	</select>
	
	<select id="findPwCheck" parameterType="string">
		select member_pw
		from member
		where member_id = #{memberId}
	</select>
</mapper>