<?xml version="1.0" encoding="ISO-8859-1" ?>
<!DOCTYPE tiles-definitions PUBLIC
       "-//Apache Software Foundation//DTD Tiles Configuration 3.0//EN"
       "http://tiles.apache.org/dtds/tiles-config_3_0.dtd">

<tiles-definitions>
	<definition name="main" template="/WEB-INF/layouts/testHeader.jsp">
		<put-attribute name="title" value="Test" />
	</definition>
	
	<definition name="mainapp" template="/WEB-INF/mainLayouts/mainTemplate.jsp">
	    <put-attribute name="blog" value="/WEB-INF/mainLayouts/blog.jsp" />
	    <put-attribute name="footer" value="/WEB-INF/mainLayouts/footer.jsp" />
	    <put-attribute name="help" value="/WEB-INF/mainLayouts/help.jsp" />
	    <put-attribute name="hero" value="/WEB-INF/mainLayouts/hero.jsp" />
	    <put-attribute name="nav" value="/WEB-INF/mainLayouts/nav.jsp" />
	    <put-attribute name="popularProduct" value="/WEB-INF/mainLayouts/popularProduct.jsp" />
	    <put-attribute name="product" value="/WEB-INF/mainLayouts/product.jsp" />
	    <put-attribute name="testimonial" value="/WEB-INF/mainLayouts/testimonial.jsp" />
	    <put-attribute name="whyChooseUs" value="/WEB-INF/mainLayouts/whyChooseUs.jsp" />
	</definition>
	
	<definition name="cartapp" template="/WEB-INF/cartLayouts/cartTemplate.jsp">
	    <put-attribute name="cartnav" value="/WEB-INF/cartLayouts/cartnav.jsp" />
	    <put-attribute name="carthero" value="/WEB-INF/cartLayouts/carthero.jsp" />
	    <put-attribute name="cartbody" value="/WEB-INF/cartLayouts/cartbody.jsp" />
	    <put-attribute name="footer" value="/WEB-INF/mainLayouts/footer.jsp" />
	</definition>
	
	<definition name="WILDCARD:yogi/*" extends="mainapp">
	  	<put-attribute name="" value="/WEB-INF/mainLayouts/{1}.jsp" />
	</definition>
</tiles-definitions>


