<?xml version="1.0" encoding="ISO-8859-1" ?>
<!DOCTYPE tiles-definitions PUBLIC
       "-//Apache Software Foundation//DTD Tiles Configuration 3.0//EN"
       "http://tiles.apache.org/dtds/tiles-config_3_0.dtd">
<tiles-definitions>
  <definition name="myhomepage" template="/WEB-INF/layout/template.jsp">
  	<put-attribute name="header1" value="/WEB-INF/layout/header1.jsp" />
  	<put-attribute name="header2" value="/WEB-INF/layout/header2.jsp" />
  	<put-attribute name="body" value="/WEB-INF/layout/body.jsp" />
  	<put-attribute name="footer" value="/WEB-INF/layout/footer.jsp" />
  </definition>

  <definition name="WILDCARD:*/*" extends="myhomepage">
  	<put-attribute name="body" value="/WEB-INF/{1}/{2}.jsp" />
  </definition>
  
 
</tiles-definitions>