<?xml version="1.0" encoding="UTF-8"?>
<!DOCTYPE configuration
  PUBLIC "-//mybatis.org//DTD Config 3.0//EN"
  "https://mybatis.org/dtd/mybatis-3-config.dtd">
<configuration>
  <settings>
  	<setting name="mapUnderscoreToCamelCase" value = "true"/>
  	<setting name="jdbcTypeForNull" value="NULL"/>
  	
  </settings>
  <typeAliases>
	  <package name="co.yedam"/>
	</typeAliases>
  <environments default="development">
    <environment id="development">
      <transactionManager type="JDBC"/>
      <dataSource type="POOLED">
        <property name="driver" value="oracle.jdbc.driver.OracleDriver"/>
        <property name="url" value="jdbc:oracle:thin:@52.65.84.225:1521:xe"/>
        <property name="username" value="yogi"/>
        <property name="password" value="yogi"/>
      </dataSource>
    </environment>
  </environments>
  <mappers>
  	<mapper resource="co/yedam/mapper/MemberMapper.xml"/>
  </mappers>
</configuration>