<?xml version="1.0" encoding="UTF-8" ?>
<!DOCTYPE configuration
  PUBLIC "-//mybatis.org//DTD Config 3.0//EN" "c:/dev/mybatis-3-config.dtd">

<configuration>
	<settings>
		<setting name="mapUnderscoreToCamelCase" value="true" />
		<setting name="jdbcTypeForNull" value="NULL" />
	</settings>

	<typeAliases>
		<typeAlias alias="book" type="com.yedam.book.vo.BookVO" />
		<typeAlias alias="cart" type="com.yedam.cart.vo.CartVO" />
		<typeAlias alias="orderItem" type="com.yedam.orderItem.vo.OrderItemVO" />
		<typeAlias alias="orderItemPage" type="com.yedam.orderItem.vo.OrderItemPageVO" />
		<typeAlias alias="order" type="com.yedam.order.vo.OrderVO" />
		<typeAlias alias="member" type="com.yedam.member.vo.MemberVO" />
		<typeAlias alias="search" type="com.yedam.search.vo.SearchVO" />
		<typeAlias alias="review" type="com.yedam.review.vo.ReviewVO" />
		<typeAlias alias="likeIt" type="com.yedam.likeIt.vo.LikeItVO" />
	</typeAliases>
	
	<environments default="development">
		<environment id="development">
			<transactionManager type="JDBC" />
			<dataSource type="POOLED">
				<property name="driver" value="oracle.jdbc.OracleDriver" />
				<property name="url"
					value="jdbc:oracle:thin:@192.168.0.19:1521:xe" />
				<property name="username" value="team2" />
				<property name="password" value="team2" />
				<property name="poolMaximumActiveConnections" value="20" />
				
			</dataSource>
		</environment>
	</environments>
	<mappers>
	 	<package name="com.yedam"/>
	</mappers>
</configuration>
